baseline_count_mean,baseline_ms_mean,baseline_sec_mean,case_name,delta_ms_mg_minus_baseline,measurement_mode,metric,mg_count_mean,mg_ms_mean,mg_sec_mean,profile,speedup_baseline_over_mg
,353.6781,0.3536781,Base_Eastern_Interconnect_515GW,20.258200000000002,end2end,analyze_sec,,373.9363,0.3739363,cuda_edge,0.9458244626156915
,384.9586,0.3849586,Base_Eastern_Interconnect_515GW,30.75929999999999,end2end,elapsed_sec,,415.7179,0.4157179,cuda_edge,0.9260091999887424
,31.279899999999998,0.0312799,Base_Eastern_Interconnect_515GW,10.5014,end2end,solve_sec,,41.7813,0.0417813,cuda_edge,0.7486578924064115
,36.920700000000004,0.0369207,Base_Florida_42GW,7.153399999999997,end2end,analyze_sec,,44.0741,0.0440741,cuda_edge,0.8376960618594594
,41.080400000000004,0.0410804,Base_Florida_42GW,10.662799999999994,end2end,elapsed_sec,,51.743199999999995,0.051743199999999996,cuda_edge,0.7939284775584039
,4.159,0.0041589999999999995,Base_Florida_42GW,3.5098000000000003,end2end,solve_sec,,7.6688,0.0076688,cuda_edge,0.5423273523889004
,60.6227,0.0606227,Base_MIOHIN_76GW,8.605100000000004,end2end,analyze_sec,,69.2278,0.0692278,cuda_edge,0.8756987799698964
,66.05130000000001,0.06605130000000001,Base_MIOHIN_76GW,13.295799999999996,end2end,elapsed_sec,,79.3471,0.0793471,cuda_edge,0.8324349598157967
,5.428299999999999,0.0054283,Base_MIOHIN_76GW,4.6907,end2end,solve_sec,,10.119,0.010119,cuda_edge,0.5364462891590078
,44.9875,0.0449875,Base_Texas_66GW,9.1853,end2end,analyze_sec,,54.1728,0.0541728,cuda_edge,0.8304444296768858
,49.393899999999995,0.0493939,Base_Texas_66GW,15.930800000000001,end2end,elapsed_sec,,65.32469999999999,0.0653247,cuda_edge,0.756128998678907
,4.405799999999999,0.0044058,Base_Texas_66GW,6.7456000000000005,end2end,solve_sec,,11.1514,0.0111514,cuda_edge,0.3950894058145165
,99.7546,0.0997546,Base_West_Interconnect_121GW,13.950000000000005,end2end,analyze_sec,,113.7046,0.1137046,cuda_edge,0.8773136706870258
,110.269,0.110269,Base_West_Interconnect_121GW,23.171200000000002,end2end,elapsed_sec,,133.4402,0.1334402,cuda_edge,0.8263551763261746
,10.5139,0.0105139,Base_West_Interconnect_121GW,9.221400000000001,end2end,solve_sec,,19.735300000000002,0.0197353,cuda_edge,0.5327458918790188
,15.1661,0.0151661,MemphisCase2026_Mar7,6.508599999999998,end2end,analyze_sec,,21.674699999999998,0.021674699999999998,cuda_edge,0.6997144135789654
,16.1624,0.0161624,MemphisCase2026_Mar7,8.28,end2end,elapsed_sec,,24.4424,0.0244424,cuda_edge,0.6612443949857625
,0.9956999999999999,0.0009957,MemphisCase2026_Mar7,1.7712999999999999,end2end,solve_sec,,2.767,0.002767,cuda_edge,0.3598482110589086
,39.2623,0.0392623,Texas7k_20220923,9.378900000000003,end2end,analyze_sec,,48.641200000000005,0.0486412,cuda_edge,0.8071819774183202
,42.3735,0.0423735,Texas7k_20220923,15.0024,end2end,elapsed_sec,,57.3759,0.0573759,cuda_edge,0.7385243630165279
,3.1107,0.0031107,Texas7k_20220923,5.623500000000001,end2end,solve_sec,,8.734200000000001,0.008734200000000001,cuda_edge,0.35615167960431404
,11.1348,0.0111348,case_ACTIVSg200,6.0424999999999995,end2end,analyze_sec,,17.1773,0.0171773,cuda_edge,0.6482276027082254
,11.658399999999999,0.0116584,case_ACTIVSg200,7.1272,end2end,elapsed_sec,,18.7856,0.0187856,cuda_edge,0.6206030150753769
,0.523,0.000523,case_ACTIVSg200,1.085,end2end,solve_sec,,1.608,0.001608,cuda_edge,0.3252487562189055
,20.3081,0.0203081,case_ACTIVSg2000,6.1563,end2end,analyze_sec,,26.464399999999998,0.0264644,cuda_edge,0.7673742839437131
,22.3396,0.0223396,case_ACTIVSg2000,9.149699999999998,end2end,elapsed_sec,,31.489299999999997,0.0314893,cuda_edge,0.7094346333516465
,2.0309999999999997,0.002031,case_ACTIVSg2000,2.9934999999999996,end2end,solve_sec,,5.0245,0.0050244999999999995,cuda_edge,0.40421932530600063
,112.2045,0.1122045,case_ACTIVSg25k,13.515700000000006,end2end,analyze_sec,,125.7202,0.1257202,cuda_edge,0.8924938076776842
,123.0376,0.1230376,case_ACTIVSg25k,24.57519999999999,end2end,elapsed_sec,,147.6128,0.1476128,cuda_edge,0.8335157926683865
,10.8326,0.0108326,case_ACTIVSg25k,11.059500000000002,end2end,solve_sec,,21.892100000000003,0.0218921,cuda_edge,0.4948177653126013
,12.582899999999999,0.0125829,case_ACTIVSg500,6.486199999999999,end2end,analyze_sec,,19.0691,0.0190691,cuda_edge,0.6598580950333262
,13.5396,0.0135396,case_ACTIVSg500,8.739700000000001,end2end,elapsed_sec,,22.279300000000003,0.022279300000000002,cuda_edge,0.6077210684357228
,0.9563,0.0009563,case_ACTIVSg500,2.2531,end2end,solve_sec,,3.2094000000000005,0.0032094000000000003,cuda_edge,0.2979684676263476
,293.4529,0.2934529,case_ACTIVSg70k,12.137499999999967,end2end,analyze_sec,,305.5904,0.3055904,cuda_edge,0.9602818020461377
,322.9197,0.3229197,case_ACTIVSg70k,20.3449,end2end,elapsed_sec,,343.2646,0.3432646,cuda_edge,0.940731144429108
,29.4663,0.0294663,case_ACTIVSg70k,8.207399999999996,end2end,solve_sec,,37.6737,0.0376737,cuda_edge,0.7821451038788333
1.0,322.1397,0.32213970000000003,Base_Eastern_Interconnect_515GW,18.898999999999944,operators,CUDA.analyze.cudss32.analysis.total_sec,1.0,341.03869999999995,0.3410387,cuda_edge,0.9445840017569855
1.0,1.8458,0.0018458,Base_Eastern_Interconnect_515GW,0.28319999999999973,operators,CUDA.analyze.cudss32.setup.total_sec,1.0,2.129,0.002129,cuda_edge,0.8669798027242838
1.0,3.6362,0.0036362,Base_Eastern_Interconnect_515GW,6.282,operators,CUDA.solve.factorization32.total_sec,1.0,9.9182,0.0099182,cuda_edge,0.36661894295335845
4.6,16.1468,0.0161468,Base_Eastern_Interconnect_515GW,28.782900000000005,operators,CUDA.solve.refactorization32.total_sec,4.7,44.929700000000004,0.0449297,cuda_edge,0.35937920796266165
5.6,3.2763000000000004,0.0032763000000000002,Base_Eastern_Interconnect_515GW,-0.004000000000000097,operators,CUDA.solve.rhsPrepare.total_sec,5.7,3.2723,0.0032723,cuda_edge,1.0012223818109587
5.6,5.7386,0.0057386,Base_Eastern_Interconnect_515GW,6.573799999999999,operators,CUDA.solve.solve32.total_sec,5.7,12.3124,0.0123124,cuda_edge,0.466082973262727
1.0,29.414099999999998,0.0294141,Base_Eastern_Interconnect_515GW,0.03980000000000303,operators,NR.analyze.jacobian_builder.total_sec,1.0,29.4539,0.0294539,cuda_edge,0.9986487358210626
1.0,323.9914,0.3239914,Base_Eastern_Interconnect_515GW,19.1828,operators,NR.analyze.linear_solve.total_sec,1.0,343.1742,0.3431742,cuda_edge,0.9441018584730437
1.0,6.912,0.006912,Base_Eastern_Interconnect_515GW,-0.0863999999999995,operators,NR.analyze.storage_prepare.total_sec,1.0,6.8256000000000006,0.0068256,cuda_edge,1.0126582278481011
1.0,360.323,0.360323,Base_Eastern_Interconnect_515GW,19.137299999999968,operators,NR.analyze.total.total_sec,1.0,379.46029999999996,0.3794603,cuda_edge,0.9495670561584441
5.6,0.4535,0.0004535,Base_Eastern_Interconnect_515GW,0.010499999999999985,operators,NR.iteration.jacobian.total_sec,5.7,0.464,0.000464,cuda_edge,0.9773706896551725
5.6,28.995900000000002,0.0289959,Base_Eastern_Interconnect_515GW,41.58999999999999,operators,NR.iteration.linear_solve.total_sec,5.7,70.5859,0.0705859,cuda_edge,0.41078884026413215
6.6,4.5033,0.0045033,Base_Eastern_Interconnect_515GW,0.07740000000000004,operators,NR.iteration.mismatch.total_sec,6.7,4.5807,0.0045807,cuda_edge,0.9831030191892068
6.6,34.278299999999994,0.0342783,Base_Eastern_Interconnect_515GW,41.69440000000001,operators,NR.iteration.total.total_sec,6.7,75.9727,0.0759727,cuda_edge,0.45119233619444876
5.6,0.314,0.000314,Base_Eastern_Interconnect_515GW,0.018000000000000002,operators,NR.iteration.voltage_update.total_sec,5.7,0.332,0.000332,cuda_edge,0.9457831325301205
1.0,0.6769999999999999,0.000677,Base_Eastern_Interconnect_515GW,-0.014499999999999973,operators,NR.solve.download.total_sec,1.0,0.6625,0.0006625,cuda_edge,1.02188679245283
1.0,40.1945,0.0401945,Base_Eastern_Interconnect_515GW,41.4808,operators,NR.solve.total.total_sec,1.0,81.67530000000001,0.0816753,cuda_edge,0.49212552632191126
1.0,5.2348,0.0052347999999999995,Base_Eastern_Interconnect_515GW,-0.20129999999999976,operators,NR.solve.upload.total_sec,1.0,5.0335,0.0050335,cuda_edge,1.03999205324327
,360.327,0.360327,Base_Eastern_Interconnect_515GW,19.137000000000015,operators,analyze_sec,,379.464,0.379464,cuda_edge,0.9495683384985136
,400.5247,0.4005247,Base_Eastern_Interconnect_515GW,60.6177,operators,elapsed_sec,,461.1424,0.4611424,cuda_edge,0.8685488473842353
,40.1971,0.0401971,Base_Eastern_Interconnect_515GW,41.480799999999995,operators,solve_sec,,81.6779,0.0816779,cuda_edge,0.4921416931630221
1.0,32.7326,0.0327326,Base_Florida_42GW,8.124300000000002,operators,CUDA.analyze.cudss32.analysis.total_sec,1.0,40.8569,0.0408569,cuda_edge,0.8011523145417297
1.0,1.6731,0.0016731,Base_Florida_42GW,0.15669999999999984,operators,CUDA.analyze.cudss32.setup.total_sec,1.0,1.8297999999999999,0.0018298,cuda_edge,0.914362225379823
1.0,0.6072,0.0006072,Base_Florida_42GW,0.9867999999999999,operators,CUDA.solve.factorization32.total_sec,1.0,1.5939999999999999,0.001594,cuda_edge,0.3809284818067754
3.0,1.4362,0.0014361999999999999,Base_Florida_42GW,2.6174000000000004,operators,CUDA.solve.refactorization32.total_sec,3.0,4.0536,0.0040536,cuda_edge,0.35430234852970194
4.0,0.2329,0.0002329,Base_Florida_42GW,0.007900000000000003,operators,CUDA.solve.rhsPrepare.total_sec,4.0,0.2408,0.0002408,cuda_edge,0.9671926910299004
4.0,0.9417,0.0009417,Base_Florida_42GW,2.2841,operators,CUDA.solve.solve32.total_sec,4.0,3.2258,0.0032258,cuda_edge,0.2919275838551677
1.0,1.8962,0.0018962,Base_Florida_42GW,-0.0021000000000001053,operators,NR.analyze.jacobian_builder.total_sec,1.0,1.8941,0.0018941,cuda_edge,1.0011087059817327
1.0,34.4096,0.0344096,Base_Florida_42GW,8.2802,operators,NR.analyze.linear_solve.total_sec,1.0,42.6898,0.0426898,cuda_edge,0.8060379762847331
1.0,0.6592,0.0006592,Base_Florida_42GW,0.030500000000000037,operators,NR.analyze.storage_prepare.total_sec,1.0,0.6897,0.0006897,cuda_edge,0.9557778744381614
1.0,36.967,0.036967,Base_Florida_42GW,8.309200000000002,operators,NR.analyze.total.total_sec,1.0,45.2762,0.0452762,cuda_edge,0.8164775312415794
4.0,0.0634,6.34e-05,Base_Florida_42GW,0.0030000000000000053,operators,NR.iteration.jacobian.total_sec,4.0,0.0664,6.64e-05,cuda_edge,0.9548192771084336
4.0,3.2308000000000003,0.0032308000000000003,Base_Florida_42GW,5.895899999999999,operators,NR.iteration.linear_solve.total_sec,4.0,9.1267,0.0091267,cuda_edge,0.35399432434505357
5.0,0.36929999999999996,0.0003693,Base_Florida_42GW,0.03150000000000001,operators,NR.iteration.mismatch.total_sec,5.0,0.4008,0.0004008,cuda_edge,0.9214071856287425
5.0,3.7735,0.0037735,Base_Florida_42GW,5.913900000000001,operators,NR.iteration.total.total_sec,5.0,9.6874,0.0096874,cuda_edge,0.38952660156491936
4.0,0.1035,0.0001035,Base_Florida_42GW,-0.016599999999999997,operators,NR.iteration.voltage_update.total_sec,4.0,0.0869,8.69e-05,cuda_edge,1.19102416570771
1.0,0.0636,6.36e-05,Base_Florida_42GW,0.0008999999999999948,operators,NR.solve.download.total_sec,1.0,0.0645,6.45e-05,cuda_edge,0.986046511627907
1.0,4.2995,0.0042995,Base_Florida_42GW,5.8699,operators,NR.solve.total.total_sec,1.0,10.1694,0.0101694,cuda_edge,0.42278797175841254
1.0,0.4586,0.0004586,Base_Florida_42GW,-0.044599999999999945,operators,NR.solve.upload.total_sec,1.0,0.41400000000000003,0.00041400000000000003,cuda_edge,1.1077294685990338
,36.9683,0.0369683,Base_Florida_42GW,8.309299999999999,operators,analyze_sec,,45.2776,0.0452776,cuda_edge,0.8164809972260014
,41.269600000000004,0.041269600000000004,Base_Florida_42GW,14.179099999999993,operators,elapsed_sec,,55.448699999999995,0.0554487,cuda_edge,0.7442843565313525
,4.3007,0.0043007,Base_Florida_42GW,5.8699,operators,solve_sec,,10.1706,0.0101706,cuda_edge,0.422856075354453
1.0,55.2976,0.0552976,Base_MIOHIN_76GW,9.729699999999994,operators,CUDA.analyze.cudss32.analysis.total_sec,1.0,65.0273,0.0650273,cuda_edge,0.8503751501292535
1.0,1.6922000000000001,0.0016922,Base_MIOHIN_76GW,0.20870000000000002,operators,CUDA.analyze.cudss32.setup.total_sec,1.0,1.9009,0.0019009,cuda_edge,0.8902099005734125
1.0,0.8976000000000001,0.0008976,Base_MIOHIN_76GW,1.4722999999999997,operators,CUDA.solve.factorization32.total_sec,1.0,2.3699,0.0023699,cuda_edge,0.3787501582345247
3.0,2.3731,0.0023731,Base_MIOHIN_76GW,3.9069,operators,CUDA.solve.refactorization32.total_sec,3.0,6.28,0.00628,cuda_edge,0.3778821656050955
4.0,0.38470000000000004,0.0003847,Base_MIOHIN_76GW,-0.004800000000000063,operators,CUDA.solve.rhsPrepare.total_sec,4.0,0.37989999999999996,0.00037989999999999996,cuda_edge,1.012634903922085
4.0,1.2068,0.0012068,Base_MIOHIN_76GW,2.6459,operators,CUDA.solve.solve32.total_sec,4.0,3.8527,0.0038527,cuda_edge,0.3132348742440367
1.0,3.504,0.003504,Base_MIOHIN_76GW,-0.04030000000000006,operators,NR.analyze.jacobian_builder.total_sec,1.0,3.4637000000000002,0.0034637,cuda_edge,1.0116349568380634
1.0,56.9928,0.0569928,Base_MIOHIN_76GW,9.93879999999999,operators,NR.analyze.linear_solve.total_sec,1.0,66.93159999999999,0.0669316,cuda_edge,0.851508106783642
1.0,0.9416,0.0009416,Base_MIOHIN_76GW,0.05249999999999992,operators,NR.analyze.storage_prepare.total_sec,1.0,0.9941,0.0009941,cuda_edge,0.9471884116286089
1.0,61.4405,0.0614405,Base_MIOHIN_76GW,9.951899999999993,operators,NR.analyze.total.total_sec,1.0,71.3924,0.0713924,cuda_edge,0.8606028092626107
4.0,0.0805,8.05e-05,Base_MIOHIN_76GW,-0.0003000000000000073,operators,NR.iteration.jacobian.total_sec,4.0,0.0802,8.02e-05,cuda_edge,1.0037406483790525
4.0,4.8802,0.0048802,Base_MIOHIN_76GW,8.020799999999998,operators,NR.iteration.linear_solve.total_sec,4.0,12.901,0.012901,cuda_edge,0.3782807534299667
5.0,0.607,0.000607,Base_MIOHIN_76GW,0.004299999999999942,operators,NR.iteration.mismatch.total_sec,5.0,0.6113,0.0006113,cuda_edge,0.9929658105676428
5.0,5.6658,0.0056658,Base_MIOHIN_76GW,8.023299999999999,operators,NR.iteration.total.total_sec,5.0,13.6891,0.0136891,cuda_edge,0.41389134420816565
4.0,0.09079999999999999,9.08e-05,Base_MIOHIN_76GW,-0.0023000000000000017,operators,NR.iteration.voltage_update.total_sec,4.0,0.0885,8.85e-05,cuda_edge,1.0259887005649717
1.0,0.1006,0.00010059999999999999,Base_MIOHIN_76GW,-0.0006999999999999899,operators,NR.solve.download.total_sec,1.0,0.0999,9.99e-05,cuda_edge,1.007007007007007
1.0,6.5388,0.0065388,Base_MIOHIN_76GW,7.944,operators,NR.solve.total.total_sec,1.0,14.482800000000001,0.0144828,cuda_edge,0.4514872814649101
1.0,0.7695,0.0007695,Base_MIOHIN_76GW,-0.07890000000000003,operators,NR.solve.upload.total_sec,1.0,0.6906,0.0006906,cuda_edge,1.1142484795829715
,61.44199999999999,0.061442,Base_MIOHIN_76GW,9.952000000000002,operators,analyze_sec,,71.394,0.071394,cuda_edge,0.8606045325937753
,67.9826,0.0679826,Base_MIOHIN_76GW,17.896300000000004,operators,elapsed_sec,,85.8789,0.08587890000000001,cuda_edge,0.7916100462395302
,6.5404,0.0065404,Base_MIOHIN_76GW,7.944100000000001,operators,solve_sec,,14.4845,0.0144845,cuda_edge,0.4515447547378232
1.0,40.8499,0.0408499,Base_Texas_66GW,8.5157,operators,CUDA.analyze.cudss32.analysis.total_sec,1.0,49.3656,0.0493656,cuda_edge,0.8274972855591748
1.0,1.6967,0.0016967,Base_Texas_66GW,0.1633000000000001,operators,CUDA.analyze.cudss32.setup.total_sec,1.0,1.86,0.00186,cuda_edge,0.9122043010752687
1.0,0.7336,0.0007336,Base_Texas_66GW,1.0362,operators,CUDA.solve.factorization32.total_sec,1.0,1.7698,0.0017698,cuda_edge,0.4145101141371907
3.0,1.8387,0.0018387,Base_Texas_66GW,2.7446,operators,CUDA.solve.refactorization32.total_sec,3.0,4.5833,0.0045833,cuda_edge,0.40117382671873975
4.0,0.2844,0.0002844,Base_Texas_66GW,0.0034000000000000284,operators,CUDA.solve.rhsPrepare.total_sec,4.0,0.2878,0.0002878,cuda_edge,0.9881862404447532
4.0,1.0690000000000002,0.001069,Base_Texas_66GW,2.2925,operators,CUDA.solve.solve32.total_sec,4.0,3.3615,0.0033615,cuda_edge,0.3180127919083743
1.0,2.5482,0.0025482,Base_Texas_66GW,-0.12280000000000016,operators,NR.analyze.jacobian_builder.total_sec,1.0,2.4254,0.0024254,cuda_edge,1.0506308237816444
1.0,42.5498,0.0425498,Base_Texas_66GW,8.679100000000002,operators,NR.analyze.linear_solve.total_sec,1.0,51.2289,0.0512289,cuda_edge,0.8305819566689895
1.0,0.7252,0.0007252,Base_Texas_66GW,0.03570000000000005,operators,NR.analyze.storage_prepare.total_sec,1.0,0.7609,0.0007609,cuda_edge,0.9530818767249309
1.0,45.8255,0.0458255,Base_Texas_66GW,8.592200000000002,operators,NR.analyze.total.total_sec,1.0,54.417699999999996,0.0544177,cuda_edge,0.842106520488738
4.0,0.0678,6.78e-05,Base_Texas_66GW,-0.0007999999999999923,operators,NR.iteration.jacobian.total_sec,4.0,0.067,6.7e-05,cuda_edge,1.0119402985074626
4.0,3.9402999999999997,0.0039403,Base_Texas_66GW,6.076499999999999,operators,NR.iteration.linear_solve.total_sec,4.0,10.0168,0.0100168,cuda_edge,0.39336913984506033
5.0,0.4351,0.0004351,Base_Texas_66GW,0.00989999999999997,operators,NR.iteration.mismatch.total_sec,5.0,0.44499999999999995,0.000445,cuda_edge,0.9777528089887642
5.0,4.5373,0.0045373,Base_Texas_66GW,6.0866999999999996,operators,NR.iteration.total.total_sec,5.0,10.624,0.010624,cuda_edge,0.42708019578313255
4.0,0.088,8.8e-05,Base_Texas_66GW,-0.00010000000000000243,operators,NR.iteration.voltage_update.total_sec,4.0,0.08789999999999999,8.79e-05,cuda_edge,1.0011376564277588
1.0,0.0767,7.670000000000001e-05,Base_Texas_66GW,-0.00010000000000000243,operators,NR.solve.download.total_sec,1.0,0.0766,7.66e-05,cuda_edge,1.0013054830287207
1.0,5.2186,0.0052186,Base_Texas_66GW,5.994700000000001,operators,NR.solve.total.total_sec,1.0,11.2133,0.0112133,cuda_edge,0.46539377346543837
1.0,0.6003000000000001,0.0006003,Base_Texas_66GW,-0.09069999999999998,operators,NR.solve.upload.total_sec,1.0,0.5096,0.0005096,cuda_edge,1.17798273155416
,45.8268,0.0458268,Base_Texas_66GW,8.592200000000002,operators,analyze_sec,,54.419000000000004,0.054419,cuda_edge,0.8421102923611239
,51.0471,0.0510471,Base_Texas_66GW,14.586799999999997,operators,elapsed_sec,,65.6339,0.0656339,cuda_edge,0.7777550930235747
,5.219899999999999,0.0052198999999999995,Base_Texas_66GW,5.9948,operators,solve_sec,,11.214699999999999,0.0112147,cuda_edge,0.46545159478184883
1.0,89.1913,0.0891913,Base_West_Interconnect_121GW,12.034299999999998,operators,CUDA.analyze.cudss32.analysis.total_sec,1.0,101.2256,0.1012256,cuda_edge,0.881114066007018
1.0,1.7586,0.0017586,Base_West_Interconnect_121GW,0.15729999999999997,operators,CUDA.analyze.cudss32.setup.total_sec,1.0,1.9159,0.0019159,cuda_edge,0.9178975938201368
1.0,1.2872000000000001,0.0012872,Base_West_Interconnect_121GW,2.3411,operators,CUDA.solve.factorization32.total_sec,1.0,3.6283000000000003,0.0036283,cuda_edge,0.35476669514648734
3.9,4.5158000000000005,0.0045158,Base_West_Interconnect_121GW,6.783799999999999,operators,CUDA.solve.refactorization32.total_sec,3.6,11.2996,0.0112996,cuda_edge,0.39964246522000785
4.9,0.8804,0.0008803999999999999,Base_West_Interconnect_121GW,-0.07039999999999998,operators,CUDA.solve.rhsPrepare.total_sec,4.6,0.8099999999999999,0.00081,cuda_edge,1.0869135802469136
4.9,2.1548000000000003,0.0021548,Base_West_Interconnect_121GW,2.8897000000000004,operators,CUDA.solve.solve32.total_sec,4.6,5.0445,0.0050445,cuda_edge,0.4271582912082466
1.0,7.1609,0.0071608999999999996,Base_West_Interconnect_121GW,-0.12009999999999972,operators,NR.analyze.jacobian_builder.total_sec,1.0,7.0408,0.0070408,cuda_edge,1.0170577207135552
1.0,90.9535,0.0909535,Base_West_Interconnect_121GW,12.191899999999992,operators,NR.analyze.linear_solve.total_sec,1.0,103.1454,0.1031454,cuda_edge,0.8817988974787049
1.0,1.7297999999999998,0.0017297999999999999,Base_West_Interconnect_121GW,-0.07549999999999983,operators,NR.analyze.storage_prepare.total_sec,1.0,1.6543,0.0016543,cuda_edge,1.0456386386991476
1.0,99.8472,0.0998472,Base_West_Interconnect_121GW,11.996000000000006,operators,NR.analyze.total.total_sec,1.0,111.84320000000001,0.1118432,cuda_edge,0.892742696918543
4.9,0.12329999999999999,0.0001233,Base_West_Interconnect_121GW,-0.006499999999999995,operators,NR.iteration.jacobian.total_sec,4.6,0.11679999999999999,0.00011679999999999999,cuda_edge,1.0556506849315068
4.9,8.8781,0.0088781,Base_West_Interconnect_121GW,11.941,operators,NR.iteration.linear_solve.total_sec,4.6,20.8191,0.0208191,cuda_edge,0.4264401439063168
5.9,1.2872999999999999,0.0012873,Base_West_Interconnect_121GW,-0.08489999999999995,operators,NR.iteration.mismatch.total_sec,5.6,1.2024,0.0012024,cuda_edge,1.0706087824351298
5.9,10.4455,0.0104455,Base_West_Interconnect_121GW,11.841000000000001,operators,NR.iteration.total.total_sec,5.6,22.2865,0.0222865,cuda_edge,0.4686918089426334
4.9,0.1484,0.0001484,Base_West_Interconnect_121GW,-0.0089,operators,NR.iteration.voltage_update.total_sec,4.6,0.1395,0.0001395,cuda_edge,1.0637992831541219
1.0,0.19,0.00019,Base_West_Interconnect_121GW,-0.0078,operators,NR.solve.download.total_sec,1.0,0.1822,0.0001822,cuda_edge,1.0428100987925357
1.0,11.982700000000001,0.0119827,Base_West_Interconnect_121GW,11.859699999999998,operators,NR.solve.total.total_sec,1.0,23.8424,0.0238424,cuda_edge,0.5025794383115794
1.0,1.342,0.001342,Base_West_Interconnect_121GW,0.027799999999999915,operators,NR.solve.upload.total_sec,1.0,1.3698,0.0013698,cuda_edge,0.979705066433056
,99.8489,0.0998489,Base_West_Interconnect_121GW,11.996400000000005,operators,analyze_sec,,111.84530000000001,0.11184530000000001,cuda_edge,0.8927411344061842
,111.8339,0.1118339,Base_West_Interconnect_121GW,23.8559,operators,elapsed_sec,,135.6898,0.1356898,cuda_edge,0.8241879640179292
,11.9846,0.0119846,Base_West_Interconnect_121GW,11.859699999999998,operators,solve_sec,,23.8443,0.0238443,cuda_edge,0.5026190745796689
1.0,13.1165,0.0131165,MemphisCase2026_Mar7,6.0902,operators,CUDA.analyze.cudss32.analysis.total_sec,1.0,19.2067,0.0192067,cuda_edge,0.6829127335773454
1.0,1.6671,0.0016671,MemphisCase2026_Mar7,0.18380000000000002,operators,CUDA.analyze.cudss32.setup.total_sec,1.0,1.8509,0.0018509,cuda_edge,0.9006969582365336
1.0,0.3382,0.0003382,MemphisCase2026_Mar7,0.45890000000000003,operators,CUDA.solve.factorization32.total_sec,1.0,0.7971,0.0007971,cuda_edge,0.42428804416008026
1.0,0.20920000000000002,0.00020920000000000002,MemphisCase2026_Mar7,0.3324,operators,CUDA.solve.refactorization32.total_sec,1.0,0.5416,0.0005415999999999999,cuda_edge,0.3862629246676515
2.0,0.038,3.8e-05,MemphisCase2026_Mar7,0.0014000000000000002,operators,CUDA.solve.rhsPrepare.total_sec,2.0,0.039400000000000004,3.94e-05,cuda_edge,0.9644670050761421
2.0,0.26449999999999996,0.0002645,MemphisCase2026_Mar7,0.8803000000000001,operators,CUDA.solve.solve32.total_sec,2.0,1.1448,0.0011448,cuda_edge,0.23104472396925224
1.0,0.29819999999999997,0.0002982,MemphisCase2026_Mar7,-0.0002999999999999531,operators,NR.analyze.jacobian_builder.total_sec,1.0,0.29790000000000005,0.00029790000000000003,cuda_edge,1.0010070493454177
1.0,14.7867,0.0147867,MemphisCase2026_Mar7,6.2742,operators,NR.analyze.linear_solve.total_sec,1.0,21.0609,0.0210609,cuda_edge,0.7020925031693802
1.0,0.3021,0.00030209999999999997,MemphisCase2026_Mar7,0.00490000000000001,operators,NR.analyze.storage_prepare.total_sec,1.0,0.307,0.000307,cuda_edge,0.9840390879478828
1.0,15.388499999999999,0.0153885,MemphisCase2026_Mar7,6.2791,operators,NR.analyze.total.total_sec,1.0,21.6676,0.0216676,cuda_edge,0.7102078679687645
2.0,0.0262,2.62e-05,MemphisCase2026_Mar7,0.0007000000000000001,operators,NR.iteration.jacobian.total_sec,2.0,0.0269,2.69e-05,cuda_edge,0.9739776951672863
2.0,0.854,0.0008539999999999999,MemphisCase2026_Mar7,1.6726999999999999,operators,NR.iteration.linear_solve.total_sec,2.0,2.5267,0.0025266999999999998,cuda_edge,0.33799026398068627
3.0,0.10510000000000001,0.00010510000000000001,MemphisCase2026_Mar7,0.0042999999999999965,operators,NR.iteration.mismatch.total_sec,3.0,0.1094,0.0001094,cuda_edge,0.9606946983546618
3.0,1.0304,0.0010304,MemphisCase2026_Mar7,1.6789,operators,NR.iteration.total.total_sec,3.0,2.7093,0.0027093,cuda_edge,0.3803196397593474
2.0,0.041699999999999994,4.17e-05,MemphisCase2026_Mar7,0.0009000000000000015,operators,NR.iteration.voltage_update.total_sec,2.0,0.0426,4.26e-05,cuda_edge,0.9788732394366196
1.0,0.025699999999999997,2.5699999999999998e-05,MemphisCase2026_Mar7,0.0019000000000000022,operators,NR.solve.download.total_sec,1.0,0.0276,2.76e-05,cuda_edge,0.931159420289855
1.0,1.1831,0.0011831,MemphisCase2026_Mar7,1.6807,operators,NR.solve.total.total_sec,1.0,2.8638,0.0028638,cuda_edge,0.41312242475033173
1.0,0.12459999999999999,0.0001246,MemphisCase2026_Mar7,-0.00020000000000000486,operators,NR.solve.upload.total_sec,1.0,0.12439999999999998,0.0001244,cuda_edge,1.0016077170418007
,15.3896,0.0153896,MemphisCase2026_Mar7,6.279199999999999,operators,analyze_sec,,21.668799999999997,0.0216688,cuda_edge,0.7102193014841616
,16.5743,0.0165743,MemphisCase2026_Mar7,7.959899999999999,operators,elapsed_sec,,24.5342,0.0245342,cuda_edge,0.675559015578254
,1.1841,0.0011841,MemphisCase2026_Mar7,1.6806999999999999,operators,solve_sec,,2.8648,0.0028648,cuda_edge,0.4133272828818766
1.0,35.493700000000004,0.0354937,Texas7k_20220923,8.311399999999997,operators,CUDA.analyze.cudss32.analysis.total_sec,1.0,43.8051,0.0438051,cuda_edge,0.8102641016685272
1.0,1.699,0.001699,Texas7k_20220923,0.19359999999999994,operators,CUDA.analyze.cudss32.setup.total_sec,1.0,1.8925999999999998,0.0018926,cuda_edge,0.8977068582901828
1.0,0.6718,0.0006718,Texas7k_20220923,1.11,operators,CUDA.solve.factorization32.total_sec,1.0,1.7818,0.0017818,cuda_edge,0.37703445953530135
2.0,1.1080999999999999,0.0011080999999999999,Texas7k_20220923,1.9780000000000002,operators,CUDA.solve.refactorization32.total_sec,2.0,3.0861,0.0030861,cuda_edge,0.35906159878163374
3.0,0.1985,0.0001985,Texas7k_20220923,-0.0019999999999999944,operators,CUDA.solve.rhsPrepare.total_sec,3.0,0.1965,0.0001965,cuda_edge,1.010178117048346
3.0,0.7274,0.0007274,Texas7k_20220923,1.9191,operators,CUDA.solve.solve32.total_sec,3.0,2.6465,0.0026465,cuda_edge,0.2748535802002645
1.0,2.0812999999999997,0.0020813,Texas7k_20220923,-0.03190000000000007,operators,NR.analyze.jacobian_builder.total_sec,1.0,2.0494,0.0020494,cuda_edge,1.0155655313750367
1.0,37.195699999999995,0.0371957,Texas7k_20220923,8.505100000000002,operators,NR.analyze.linear_solve.total_sec,1.0,45.7008,0.0457008,cuda_edge,0.8138960368308651
1.0,0.6945,0.0006945,Texas7k_20220923,0.023199999999999915,operators,NR.analyze.storage_prepare.total_sec,1.0,0.7176999999999999,0.0007176999999999999,cuda_edge,0.9676745158144072
1.0,39.9739,0.0399739,Texas7k_20220923,8.4961,operators,NR.analyze.total.total_sec,1.0,48.47,0.04847,cuda_edge,0.8247142562409738
3.0,0.048,4.8e-05,Texas7k_20220923,0.0004999999999999986,operators,NR.iteration.jacobian.total_sec,3.0,0.0485,4.85e-05,cuda_edge,0.9896907216494846
3.0,2.716,0.002716,Texas7k_20220923,5.0058,operators,NR.iteration.linear_solve.total_sec,3.0,7.7218,0.0077218,cuda_edge,0.3517314615763164
4.0,0.3383,0.0003383,Texas7k_20220923,-0.004600000000000003,operators,NR.iteration.mismatch.total_sec,4.0,0.3337,0.0003337,cuda_edge,1.0137848366796525
4.0,3.1719999999999997,0.003172,Texas7k_20220923,5.001500000000001,operators,NR.iteration.total.total_sec,4.0,8.1735,0.0081735,cuda_edge,0.38808344038661524
3.0,0.0646,6.46e-05,Texas7k_20220923,-0.0007000000000000035,operators,NR.iteration.voltage_update.total_sec,3.0,0.0639,6.39e-05,cuda_edge,1.0109546165884196
1.0,0.07289999999999999,7.29e-05,Texas7k_20220923,0.019,operators,NR.solve.download.total_sec,1.0,0.0919,9.19e-05,cuda_edge,0.7932535364526659
1.0,3.7723,0.0037723,Texas7k_20220923,4.9725,operators,NR.solve.total.total_sec,1.0,8.7448,0.0087448,cuda_edge,0.43137636080870917
1.0,0.5241,0.0005241,Texas7k_20220923,-0.04730000000000001,operators,NR.solve.upload.total_sec,1.0,0.4768,0.0004768,cuda_edge,1.0992030201342282
,39.974999999999994,0.039975,Texas7k_20220923,8.496200000000002,operators,analyze_sec,,48.471199999999996,0.0484712,cuda_edge,0.8247165327039561
,43.7492,0.0437492,Texas7k_20220923,13.468599999999997,operators,elapsed_sec,,57.2178,0.0572178,cuda_edge,0.7646082163242908
,3.7735,0.0037735,Texas7k_20220923,4.9723999999999995,operators,solve_sec,,8.745899999999999,0.0087459,cuda_edge,0.4314593123635075
1.0,9.3463,0.0093463,case_ACTIVSg200,6.0228,operators,CUDA.analyze.cudss32.analysis.total_sec,1.0,15.3691,0.0153691,cuda_edge,0.6081227918355662
1.0,1.7157000000000002,0.0017157000000000001,case_ACTIVSg200,0.16019999999999987,operators,CUDA.analyze.cudss32.setup.total_sec,1.0,1.8759,0.0018759,cuda_edge,0.9146009915240685
1.0,0.1105,0.0001105,case_ACTIVSg200,0.2601,operators,CUDA.solve.factorization32.total_sec,1.0,0.3706,0.0003706,cuda_edge,0.2981651376146789
1.0,0.1031,0.0001031,case_ACTIVSg200,0.2479,operators,CUDA.solve.refactorization32.total_sec,1.0,0.35100000000000003,0.000351,cuda_edge,0.2937321937321937
2.0,0.0259,2.59e-05,case_ACTIVSg200,-0.00039999999999999953,operators,CUDA.solve.rhsPrepare.total_sec,2.0,0.0255,2.55e-05,cuda_edge,1.0156862745098039
2.0,0.1544,0.0001544,case_ACTIVSg200,0.6161999999999999,operators,CUDA.solve.solve32.total_sec,2.0,0.7706,0.0007706,cuda_edge,0.2003633532312484
1.0,0.064,6.4e-05,case_ACTIVSg200,0.0007000000000000035,operators,NR.analyze.jacobian_builder.total_sec,1.0,0.06470000000000001,6.47e-05,cuda_edge,0.9891808346213291
1.0,11.0651,0.0110651,case_ACTIVSg200,6.1829,operators,NR.analyze.linear_solve.total_sec,1.0,17.248,0.017248,cuda_edge,0.6415294526901669
1.0,0.2712,0.0002712,case_ACTIVSg200,0.03280000000000004,operators,NR.analyze.storage_prepare.total_sec,1.0,0.304,0.000304,cuda_edge,0.8921052631578946
1.0,11.402199999999999,0.0114022,case_ACTIVSg200,6.215900000000001,operators,NR.analyze.total.total_sec,1.0,17.618100000000002,0.0176181,cuda_edge,0.6471867000414346
2.0,0.026099999999999998,2.6099999999999997e-05,case_ACTIVSg200,0.00020000000000000147,operators,NR.iteration.jacobian.total_sec,2.0,0.0263,2.63e-05,cuda_edge,0.9923954372623573
2.0,0.3964,0.0003964,case_ACTIVSg200,1.1245,operators,NR.iteration.linear_solve.total_sec,2.0,1.5209,0.0015209,cuda_edge,0.26063515023998945
3.0,0.0779,7.79e-05,case_ACTIVSg200,0.0039,operators,NR.iteration.mismatch.total_sec,3.0,0.0818,8.18e-05,cuda_edge,0.9523227383863081
3.0,0.544,0.000544,case_ACTIVSg200,1.1296,operators,NR.iteration.total.total_sec,3.0,1.6736,0.0016736,cuda_edge,0.32504780114722753
2.0,0.040100000000000004,4.0100000000000006e-05,case_ACTIVSg200,0.0011999999999999953,operators,NR.iteration.voltage_update.total_sec,2.0,0.0413,4.13e-05,cuda_edge,0.9709443099273609
1.0,0.018900000000000004,1.8900000000000002e-05,case_ACTIVSg200,0.00039999999999999953,operators,NR.solve.download.total_sec,1.0,0.0193,1.93e-05,cuda_edge,0.9792746113989638
1.0,0.6332,0.0006332,case_ACTIVSg200,1.1305,operators,NR.solve.total.total_sec,1.0,1.7637,0.0017637,cuda_edge,0.359017973578273
1.0,0.06770000000000001,6.77e-05,case_ACTIVSg200,0.000600000000000001,operators,NR.solve.upload.total_sec,1.0,0.06830000000000001,6.83e-05,cuda_edge,0.9912152269399707
,11.4032,0.0114032,case_ACTIVSg200,6.216100000000001,operators,analyze_sec,,17.619300000000003,0.0176193,cuda_edge,0.6471993779548563
,12.037799999999999,0.0120378,case_ACTIVSg200,7.3466,operators,elapsed_sec,,19.3844,0.0193844,cuda_edge,0.6210045190978313
,0.6342,0.0006342,case_ACTIVSg200,1.1305,operators,solve_sec,,1.7647000000000002,0.0017647000000000001,cuda_edge,0.3593811979373264
1.0,17.898400000000002,0.017898400000000002,case_ACTIVSg2000,6.275599999999999,operators,CUDA.analyze.cudss32.analysis.total_sec,1.0,24.174,0.024174,cuda_edge,0.7403987755439729
1.0,1.6216,0.0016216,case_ACTIVSg2000,0.2639000000000001,operators,CUDA.analyze.cudss32.setup.total_sec,1.0,1.8855,0.0018855,cuda_edge,0.8600371254309201
1.0,0.4856,0.0004856,case_ACTIVSg2000,0.6577999999999999,operators,CUDA.solve.factorization32.total_sec,1.0,1.1434,0.0011434,cuda_edge,0.4246982683225468
2.0,0.7144,0.0007144,case_ACTIVSg2000,1.1214,operators,CUDA.solve.refactorization32.total_sec,2.0,1.8358,0.0018358,cuda_edge,0.38914914478701385
3.0,0.07959999999999999,7.96e-05,case_ACTIVSg2000,0.0013000000000000045,operators,CUDA.solve.rhsPrepare.total_sec,3.0,0.0809,8.09e-05,cuda_edge,0.9839307787391841
3.0,0.5346,0.0005346,case_ACTIVSg2000,1.6329,operators,CUDA.solve.solve32.total_sec,3.0,2.1675,0.0021675,cuda_edge,0.24664359861591692
1.0,0.6106,0.0006106,case_ACTIVSg2000,0.025799999999999976,operators,NR.analyze.jacobian_builder.total_sec,1.0,0.6364,0.0006364,cuda_edge,0.9594594594594595
1.0,19.523100000000003,0.0195231,case_ACTIVSg2000,6.539899999999998,operators,NR.analyze.linear_solve.total_sec,1.0,26.063,0.026063,cuda_edge,0.7490733990714807
1.0,0.3614,0.0003614,case_ACTIVSg2000,0.0034999999999999767,operators,NR.analyze.storage_prepare.total_sec,1.0,0.3649,0.0003649,cuda_edge,0.9904083310496027
1.0,20.4972,0.0204972,case_ACTIVSg2000,6.5693,operators,NR.analyze.total.total_sec,1.0,27.0665,0.0270665,cuda_edge,0.7572903774038018
3.0,0.0393,3.93e-05,case_ACTIVSg2000,0.00019999999999999809,operators,NR.iteration.jacobian.total_sec,3.0,0.0395,3.95e-05,cuda_edge,0.9949367088607596
3.0,1.8198999999999999,0.0018199,case_ACTIVSg2000,3.4142999999999994,operators,NR.iteration.linear_solve.total_sec,3.0,5.2341999999999995,0.0052342,cuda_edge,0.34769401245653586
4.0,0.165,0.000165,case_ACTIVSg2000,0.005900000000000008,operators,NR.iteration.mismatch.total_sec,4.0,0.1709,0.0001709,cuda_edge,0.965476887068461
4.0,2.0928,0.0020928,case_ACTIVSg2000,3.4214999999999995,operators,NR.iteration.total.total_sec,4.0,5.5142999999999995,0.0055143,cuda_edge,0.37952233284369735
3.0,0.0634,6.34e-05,case_ACTIVSg2000,0.0013000000000000045,operators,NR.iteration.voltage_update.total_sec,3.0,0.06470000000000001,6.47e-05,cuda_edge,0.9799072642967542
1.0,0.033800000000000004,3.38e-05,case_ACTIVSg2000,0.0008999999999999948,operators,NR.solve.download.total_sec,1.0,0.034699999999999995,3.4699999999999996e-05,cuda_edge,0.974063400576369
1.0,2.3216,0.0023216,case_ACTIVSg2000,3.4228999999999994,operators,NR.solve.total.total_sec,1.0,5.7444999999999995,0.0057445,cuda_edge,0.40414309339368093
1.0,0.19190000000000002,0.0001919,case_ACTIVSg2000,0.0006999999999999899,operators,NR.solve.upload.total_sec,1.0,0.1926,0.0001926,cuda_edge,0.9963655244029076
,20.4983,0.0204983,case_ACTIVSg2000,6.5693,operators,analyze_sec,,27.067600000000002,0.0270676,cuda_edge,0.7573002408783933
,22.8216,0.0228216,case_ACTIVSg2000,9.991900000000001,operators,elapsed_sec,,32.813500000000005,0.0328135,cuda_edge,0.695494232556722
,2.3228,0.0023228,case_ACTIVSg2000,3.4228,operators,solve_sec,,5.7456,0.0057456,cuda_edge,0.4042745753272069
1.0,101.1365,0.1011365,case_ACTIVSg25k,12.4026,operators,CUDA.analyze.cudss32.analysis.total_sec,1.0,113.5391,0.1135391,cuda_edge,0.8907636223996843
1.0,1.7151,0.0017151,case_ACTIVSg25k,0.1966000000000001,operators,CUDA.analyze.cudss32.setup.total_sec,1.0,1.9117000000000002,0.0019117000000000001,cuda_edge,0.8971595961709473
1.0,1.3433,0.0013433,case_ACTIVSg25k,2.3669,operators,CUDA.solve.factorization32.total_sec,1.0,3.7102,0.0037102,cuda_edge,0.36205595385693495
3.0,3.6354,0.0036354,case_ACTIVSg25k,5.656699999999999,operators,CUDA.solve.refactorization32.total_sec,3.0,9.2921,0.0092921,cuda_edge,0.3912355656955909
4.0,0.8326,0.0008326,case_ACTIVSg25k,-0.012299999999999919,operators,CUDA.solve.rhsPrepare.total_sec,4.0,0.8203,0.0008203,cuda_edge,1.014994514202121
4.0,1.9416000000000002,0.0019416000000000001,case_ACTIVSg25k,3.1605000000000003,operators,CUDA.solve.solve32.total_sec,4.0,5.1021,0.0051021,cuda_edge,0.38054918562944673
1.0,7.5325,0.0075325,case_ACTIVSg25k,-0.15200000000000022,operators,NR.analyze.jacobian_builder.total_sec,1.0,7.3805,0.0073805,cuda_edge,1.020594810649685
1.0,102.8552,0.1028552,case_ACTIVSg25k,12.599499999999999,operators,NR.analyze.linear_solve.total_sec,1.0,115.45469999999999,0.1154547,cuda_edge,0.8908706185196446
1.0,1.9757999999999998,0.0019757999999999998,case_ACTIVSg25k,-0.09259999999999975,operators,NR.analyze.storage_prepare.total_sec,1.0,1.8832,0.0018832,cuda_edge,1.0491716227697534
1.0,112.3664,0.1123664,case_ACTIVSg25k,12.355199999999996,operators,NR.analyze.total.total_sec,1.0,124.7216,0.1247216,cuda_edge,0.9009377685982219
4.0,0.10490000000000001,0.0001049,case_ACTIVSg25k,0.023500000000000004,operators,NR.iteration.jacobian.total_sec,4.0,0.12840000000000001,0.0001284,cuda_edge,0.8169781931464174
4.0,7.79,0.00779,case_ACTIVSg25k,11.1696,operators,NR.iteration.linear_solve.total_sec,4.0,18.959600000000002,0.0189596,cuda_edge,0.41087364712335706
5.0,1.2489000000000001,0.0012489,case_ACTIVSg25k,-0.038400000000000066,operators,NR.iteration.mismatch.total_sec,5.0,1.2105,0.0012105,cuda_edge,1.0317224287484512
5.0,9.2736,0.0092736,case_ACTIVSg25k,11.1625,operators,NR.iteration.total.total_sec,5.0,20.4361,0.0204361,cuda_edge,0.45378521342134753
4.0,0.1217,0.0001217,case_ACTIVSg25k,0.007199999999999985,operators,NR.iteration.voltage_update.total_sec,4.0,0.1289,0.0001289,cuda_edge,0.944142746314973
1.0,0.216,0.000216,case_ACTIVSg25k,-0.001899999999999992,operators,NR.solve.download.total_sec,1.0,0.2141,0.0002141,cuda_edge,1.0088743577767398
1.0,11.0931,0.0110931,case_ACTIVSg25k,11.1559,operators,NR.solve.total.total_sec,1.0,22.249000000000002,0.022249,cuda_edge,0.498588700615758
1.0,1.5987,0.0015987,case_ACTIVSg25k,-0.0033999999999999742,operators,NR.solve.upload.total_sec,1.0,1.5953,0.0015953,cuda_edge,1.0021312605779478
,112.36880000000001,0.1123688,case_ACTIVSg25k,12.354899999999988,operators,analyze_sec,,124.7237,0.12472369999999999,cuda_edge,0.9009418418472191
,123.4641,0.12346410000000001,case_ACTIVSg25k,23.511099999999992,operators,elapsed_sec,,146.9752,0.1469752,cuda_edge,0.8400335566816716
,11.095,0.011095,case_ACTIVSg25k,11.156300000000002,operators,solve_sec,,22.2513,0.0222513,cuda_edge,0.4986225523901974
1.0,10.7082,0.0107082,case_ACTIVSg500,6.075100000000002,operators,CUDA.analyze.cudss32.analysis.total_sec,1.0,16.7833,0.0167833,cuda_edge,0.6380270864490296
1.0,1.6731999999999998,0.0016732,case_ACTIVSg500,0.18630000000000013,operators,CUDA.analyze.cudss32.setup.total_sec,1.0,1.8595000000000002,0.0018595,cuda_edge,0.8998117773595051
1.0,0.2522,0.0002522,case_ACTIVSg500,0.4175,operators,CUDA.solve.factorization32.total_sec,1.0,0.6697,0.0006697,cuda_edge,0.3765865312826639
2.0,0.2428,0.0002428,case_ACTIVSg500,0.6035999999999999,operators,CUDA.solve.refactorization32.total_sec,2.0,0.8463999999999999,0.0008464,cuda_edge,0.28686200378071836
3.0,0.0461,4.61e-05,case_ACTIVSg500,0.000600000000000001,operators,CUDA.solve.rhsPrepare.total_sec,3.0,0.046700000000000005,4.6700000000000003e-05,cuda_edge,0.987152034261242
3.0,0.2566,0.0002566,case_ACTIVSg500,1.0843999999999998,operators,CUDA.solve.solve32.total_sec,3.0,1.341,0.001341,cuda_edge,0.19134973900074573
1.0,0.1447,0.0001447,case_ACTIVSg500,-0.0019999999999999944,operators,NR.analyze.jacobian_builder.total_sec,1.0,0.1427,0.0001427,cuda_edge,1.0140154169586544
1.0,12.3847,0.0123847,case_ACTIVSg500,6.261000000000001,operators,NR.analyze.linear_solve.total_sec,1.0,18.6457,0.0186457,cuda_edge,0.6642121239749648
1.0,0.2809,0.0002809,case_ACTIVSg500,0.025000000000000012,operators,NR.analyze.storage_prepare.total_sec,1.0,0.3059,0.0003059,cuda_edge,0.9182739457339
1.0,12.812000000000001,0.012812,case_ACTIVSg500,6.283899999999998,operators,NR.analyze.total.total_sec,1.0,19.0959,0.0190959,cuda_edge,0.670929361800177
3.0,0.0399,3.99e-05,case_ACTIVSg500,-0.0004999999999999986,operators,NR.iteration.jacobian.total_sec,3.0,0.039400000000000004,3.94e-05,cuda_edge,1.012690355329949
3.0,0.8028,0.0008028,case_ACTIVSg500,2.1063,operators,NR.iteration.linear_solve.total_sec,3.0,2.9091,0.0029091,cuda_edge,0.27596163761988246
4.0,0.1177,0.0001177,case_ACTIVSg500,0.0042999999999999965,operators,NR.iteration.mismatch.total_sec,4.0,0.122,0.000122,cuda_edge,0.9647540983606557
4.0,1.0292000000000001,0.0010292,case_ACTIVSg500,2.1111,operators,NR.iteration.total.total_sec,4.0,3.1403,0.0031403,cuda_edge,0.3277393879565647
3.0,0.0638,6.379999999999999e-05,case_ACTIVSg500,0.0004000000000000097,operators,NR.iteration.voltage_update.total_sec,3.0,0.06420000000000001,6.42e-05,cuda_edge,0.9937694704049843
1.0,0.0219,2.19e-05,case_ACTIVSg500,-0.000500000000000002,operators,NR.solve.download.total_sec,1.0,0.0214,2.14e-05,cuda_edge,1.0233644859813085
1.0,1.1406999999999998,0.0011407,case_ACTIVSg500,2.1130000000000004,operators,NR.solve.total.total_sec,1.0,3.2537,0.0032537,cuda_edge,0.35058548729139133
1.0,0.08670000000000001,8.67e-05,case_ACTIVSg500,0.002499999999999993,operators,NR.solve.upload.total_sec,1.0,0.0892,8.92e-05,cuda_edge,0.9719730941704037
,12.8129,0.0128129,case_ACTIVSg500,6.2841999999999985,operators,analyze_sec,,19.097099999999998,0.0190971,cuda_edge,0.6709343303433506
,13.955200000000001,0.013955200000000001,case_ACTIVSg500,8.3974,operators,elapsed_sec,,22.3526,0.0223526,cuda_edge,0.6243211080590177
,1.1418000000000001,0.0011418,case_ACTIVSg500,2.113,operators,solve_sec,,3.2548,0.0032548,cuda_edge,0.35080496497480645
1.0,269.2613,0.2692613,case_ACTIVSg70k,17.419200000000025,operators,CUDA.analyze.cudss32.analysis.total_sec,1.0,286.6805,0.2866805,cuda_edge,0.9392382809434195
1.0,1.7988,0.0017988,case_ACTIVSg70k,0.2762000000000001,operators,CUDA.analyze.cudss32.setup.total_sec,1.0,2.075,0.002075,cuda_edge,0.8668915662650601
1.0,3.0225999999999997,0.0030226,case_ACTIVSg70k,5.406299999999999,operators,CUDA.solve.factorization32.total_sec,1.0,8.428899999999999,0.0084289,cuda_edge,0.35859958001637227
5.0,15.0097,0.0150097,case_ACTIVSg70k,24.4923,operators,CUDA.solve.refactorization32.total_sec,5.1,39.502,0.039502,cuda_edge,0.37997316591564984
6.0,3.2351,0.0032351,case_ACTIVSg70k,-0.053199999999999775,operators,CUDA.solve.rhsPrepare.total_sec,6.1,3.1819,0.0031819,cuda_edge,1.0167195700681981
6.0,5.9597,0.0059597,case_ACTIVSg70k,5.7575,operators,CUDA.solve.solve32.total_sec,6.1,11.7172,0.0117172,cuda_edge,0.5086283412419349
1.0,22.503800000000002,0.0225038,case_ACTIVSg70k,-0.05990000000000162,operators,NR.analyze.jacobian_builder.total_sec,1.0,22.4439,0.0224439,cuda_edge,1.0026688766212646
1.0,271.06550000000004,0.2710655,case_ACTIVSg70k,17.69599999999999,operators,NR.analyze.linear_solve.total_sec,1.0,288.7615,0.2887615,cuda_edge,0.9387175921997912
1.0,5.5102,0.0055102,case_ACTIVSg70k,-0.12880000000000008,operators,NR.analyze.storage_prepare.total_sec,1.0,5.381399999999999,0.0053814,cuda_edge,1.023934292191623
1.0,299.0862,0.2990862,case_ACTIVSg70k,17.506999999999994,operators,NR.analyze.total.total_sec,1.0,316.5932,0.3165932,cuda_edge,0.9447019076846881
6.0,0.39189999999999997,0.0003919,case_ACTIVSg70k,0.007800000000000027,operators,NR.iteration.jacobian.total_sec,6.1,0.3997,0.0003997,cuda_edge,0.9804853640230172
6.0,27.363100000000003,0.0273631,case_ACTIVSg70k,35.627900000000004,operators,NR.iteration.linear_solve.total_sec,6.1,62.99100000000001,0.062991,cuda_edge,0.43439697734597005
7.0,4.340800000000001,0.0043408000000000006,case_ACTIVSg70k,-0.03290000000000064,operators,NR.iteration.mismatch.total_sec,7.1,4.3079,0.0043079,cuda_edge,1.0076371317811463
7.0,32.3976,0.0323976,case_ACTIVSg70k,35.609100000000005,operators,NR.iteration.total.total_sec,7.1,68.00670000000001,0.0680067,cuda_edge,0.47638835585317324
6.0,0.2903,0.0002903,case_ACTIVSg70k,0.005399999999999969,operators,NR.iteration.voltage_update.total_sec,6.1,0.29569999999999996,0.0002957,cuda_edge,0.981738248224552
1.0,0.5912000000000001,0.0005912000000000001,case_ACTIVSg70k,-0.0488000000000001,operators,NR.solve.download.total_sec,1.0,0.5424,0.0005424,cuda_edge,1.0899705014749264
1.0,37.550399999999996,0.0375504,case_ACTIVSg70k,35.359,operators,NR.solve.total.total_sec,1.0,72.9094,0.0729094,cuda_edge,0.515028240528656
1.0,4.5566,0.0045566,case_ACTIVSg70k,-0.20199999999999993,operators,NR.solve.upload.total_sec,1.0,4.3546000000000005,0.0043546,cuda_edge,1.0463877279199008
,299.0897,0.2990897,case_ACTIVSg70k,17.5072,operators,analyze_sec,,316.5969,0.3165969,cuda_edge,0.9447019222234961
,336.64320000000004,0.33664320000000003,case_ACTIVSg70k,52.86639999999998,operators,elapsed_sec,,389.50960000000003,0.3895096,cuda_edge,0.8642744620415005
,37.553000000000004,0.037553,case_ACTIVSg70k,35.35909999999999,operators,solve_sec,,72.9121,0.0729121,cuda_edge,0.5150448279503678
